                  epoch,         train/box_loss,         train/cls_loss,         train/dfl_loss,   metrics/precision(B),      metrics/recall(B),       metrics/mAP50(B),    metrics/mAP50-95(B),           val/box_loss,           val/cls_loss,           val/dfl_loss,                 lr/pg0,                 lr/pg1,                 lr/pg2
                      1,                 1.8304,                 3.5761,                 1.6266,                0.11747,                 0.2243,                0.07942,                0.02782,                 1.3552,                 9.6591,                 1.3335,               0.000664,               0.000664,               0.000664
                      2,                 1.9566,                 3.4399,                 1.7555,                0.42597,                0.28037,                0.26864,                0.11104,                 1.2416,                 7.6775,                 1.0987,             0.00089155,             0.00089155,             0.00089155
                      3,                 1.8747,                 3.0476,                  1.643,                0.24967,                0.45794,                0.25867,                0.11409,                 1.2687,                 6.3382,                 1.1669,             0.00067909,             0.00067909,             0.00067909
